dataCollectionDate,publishedAt,userID,title,upvoteRatio,ups
2023-11-08 15:34:24,2023-11-08 15:23:11,t2_72kgtq3bk,White House lashes out at Comer after House GOP issues Biden family subpoenas,0.69,6
2023-11-08 15:34:24,2023-11-08 15:06:15,t2_dq8sna7v,Rep. Rashida Tlaib censured by House over Israel comments,0.36,0
2023-11-08 15:34:24,2023-11-08 14:49:20,t2_4x1its3n,Oregon GOP senators who boycotted Legislature file federal lawsuit in new effort to seek reelection,0.94,38
2023-11-08 15:34:24,2023-11-08 14:46:36,t2_ba0snhoh,"A List Of Times Republicans Said Things Worse Than Rashida Tlaib—But Weren’t Censured: Here are some of the extremist things Republicans have said about Palestinians, with zero repercussions.",0.95,177
2023-11-08 15:34:24,2023-11-08 14:32:36,t2_35fk2,Hillary Clinton warns against Trump 2024 win: ‘Hitler was duly elected’,0.94,308
2023-11-08 15:34:24,2023-11-08 14:31:45,t2_6whw3h9ap,Donald Trump Blames Mitch McConnell for His Candidate Losing,0.88,81
2023-11-08 15:34:24,2023-11-08 14:26:28,t2_11ay0s,"House Oversight Committee to subpoena Hunter Biden, president's brother James Biden",0.61,16
2023-11-08 15:34:24,2023-11-08 14:21:00,t2_lj3f4,Next for the GOP on abortion: Minority rule,0.97,89
2023-11-08 15:34:24,2023-11-08 14:19:12,t2_h5l3dmmi,Election Day 2023: What to know from Governor races to Ohio's abortion measure,0.85,20
2023-11-08 15:34:24,2023-11-08 14:17:32,t2_ooqdsocu,New Jersey elects first openly LGBTQ woman to state Legislature,0.94,62
2023-11-08 15:34:24,2023-11-08 14:16:55,t2_2gz2pw69,Congressional Staffers Stage Walk-Out In Support of Ceasefire,0.84,57
2023-11-08 15:34:24,2023-11-08 14:12:55,t2_6q5s5,Criticism of Israel exposes generational and ideological rifts in Democratic party,0.63,14
2023-11-08 15:34:24,2023-11-08 14:11:42,t2_b8tqa,"Trump Must Formally Declare If He Will Use Advice-of-Counsel Defense in DC Case, Judge Rules",0.97,193
2023-11-08 15:34:24,2023-11-08 14:10:12,t2_birqn8eg,"High-end brothels serviced elected officials, tech and pharma execs, military officials and more: Feds",0.91,55
2023-11-08 15:34:24,2023-11-08 14:05:57,t2_736uy3ivk,"Don’t Give Up 'A Penny' In Upcoming Spending Fight With GOP, Liberal Groups Tell Biden",1.0,80
2023-11-08 15:34:24,2023-11-08 14:01:53,t2_clvjh74c,Supreme Court leans toward upholding law that bars those accused of domestic violence from having firearms,0.98,114
2023-11-08 15:34:24,2023-11-08 13:58:42,t2_kjdqzheu,"China takes back pandas from zoos in U.S., U.K.",0.83,29
2023-11-08 15:34:24,2023-11-08 13:51:50,t2_9115agc,"NY AG confronts Ivanka with ""devastating series of documents"" on witness stand",0.98,422
2023-11-08 15:34:24,2023-11-08 13:51:18,t2_e4wityfj,'Fox &amp; Friends' Has Lightbulb Moment In Telling Truth About Abortion And Republicans,0.98,73
2023-11-08 15:34:24,2023-11-08 13:50:26,t2_yhr4v,Mike Johnson Is Not Your Run-of-the-Mill Christian Zionist The House speaker has an apocalyptic fervor for Israel—but it’s not what it seems.,0.95,67
2023-11-08 15:34:24,2023-11-08 13:34:56,t2_avobu,Texas businessman at center of Attorney General Ken Paxton’s impeachment facing new charges,0.99,65
2023-11-08 15:34:24,2023-11-08 13:24:59,t2_abrz8,What Is Covenant Eyes? Porn-Monitoring Platform Used by Mike Johnson,0.87,57
2023-11-08 15:34:24,2023-11-08 13:12:14,t2_c77mj2bc,Mom whose daughter was killed in Uvalde shooting loses mayoral bid,0.92,88
2023-11-08 15:34:24,2023-11-08 12:59:06,t2_b5qq8dzw,"Blinken, Austin to visit India for Indo-Pacific talks",0.78,10
2023-11-08 15:34:24,2023-11-08 12:58:51,t2_u5xg8hwk,Marjorie Taylor Greene Has (Almost) No Friends Left in Congress,0.95,136
2023-11-08 15:34:25,2023-11-08 12:54:43,t2_3b1lj,Right to Life sues to block Michigan's voter-approved abortion rights law,0.94,161
2023-11-08 15:34:25,2023-11-08 12:54:05,t2_9115agc,"""Sad!"": Trump flails in late-night Truth Social rant ahead of Ivanka's testimony in fraud trial",0.94,150
2023-11-08 15:34:25,2023-11-08 12:43:28,t2_35fk2,"Beshear targets McConnell, Paul after win: ‘We beat ’em’",0.99,159
2023-11-08 15:34:25,2023-11-08 12:35:44,t2_ul8z7s8,The GOP Debates Foreign Policy: Americans Like Tough Talk More Than Tough Action,0.86,41
2023-11-08 15:34:25,2023-11-08 12:34:04,t2_ulg9u,"Moms for Liberty Candidates Rejected by Voters in Key School Board Elections. Agenda PAC-endorsed candidates secure victory across multiple states, marking a significant defeat for Moms for Liberty and their anti-LGBTQ+ educational agenda.",0.99,702
2023-11-08 15:34:25,2023-11-08 12:30:19,t2_e8kbt,Mike Johnson’s last leadership role went as poorly as you’d expect,0.96,179
2023-11-08 15:34:25,2023-11-08 12:28:59,t2_elii0qku,Some Voters Think Trump’s a Criminal and Support Him Anyway,0.94,194
2023-11-08 15:34:25,2023-11-08 12:28:27,t2_179965,Largest donor to DeSantis presidential bid considering switch to Trump,0.81,33
2023-11-08 15:34:25,2023-11-08 12:28:25,t2_9115agc,Fani Willis might have just found someone else to flip on Trump,0.96,187
2023-11-08 15:34:25,2023-11-08 12:25:10,t2_ooqdsocu,Mississippi Elects Fabian Nelson as First Out LGBTQ+ State Legislator,0.98,121
2023-11-08 15:34:25,2023-11-08 12:23:26,t2_aac8lbhb,Paxton donor Nate Paul charged with four new wire fraud counts,0.98,119
2023-11-08 15:34:25,2023-11-08 12:22:48,t2_4kbcesg3,Virginia county stumbles in the first election after its conspiracy-fueled staff exodus,0.92,42
2023-11-08 15:34:25,2023-11-08 12:14:46,t2_2487dpxy,"Bemoaning Ohio results, Santorum says ‘pure democracies’ aren’t how to run a country",0.97,1563
2023-11-08 15:34:25,2023-11-08 12:05:36,t2_gbbx93s4,Glenn Youngkin Bet His Political Future on a ‘Less Extreme’ Abortion Ban and Lost,0.99,419
2023-11-08 15:34:25,2023-11-08 12:03:11,t2_15htj3oj,"I’m Jeffrey Goldberg, the editor in chief of *The Atlantic*. I profiled General Mark Milley, detailing how he protected the Constitution from Donald Trump. Ask me anything.",0.95,173
2023-11-08 15:34:25,2023-11-08 12:02:28,t2_hrdcy,Americans say the economy stinks. But they’re spending like it’s great,0.87,90
2023-11-08 15:34:25,2023-11-08 11:57:54,t2_16ifah,Record 7 in 10 support legalized marijuana: Gallup,0.98,316
2023-11-08 15:34:25,2023-11-08 11:55:49,t2_c3wqsad,Biden is the problem,0.09,0
2023-11-08 15:34:25,2023-11-08 11:50:03,t2_gbbx93s4,Will Republicans Take No For an Answer on Abortion?,0.96,208
2023-11-08 15:34:25,2023-11-08 11:49:54,t2_8yu8mhdb,Top DeSantis donor kicks the tires on switching support to Trump,0.81,26
2023-11-08 15:34:25,2023-11-08 11:34:14,t2_ck81ac8k0,Democrats have big night in battle for N.J. Legislature,1.0,106
2023-11-08 15:34:25,2023-11-08 11:33:25,t2_tshbesya,"LGBTQ candidates win big in 2023, including 1st trans state senator in the South",0.96,308
2023-11-08 15:34:25,2023-11-08 11:25:00,t2_vlhvf4z9,U.S. House Votes To Censure Democrat Rashida Tlaib For Supporting Genocide Of Israel,0.16,0
2023-11-08 15:34:25,2023-11-08 11:23:41,t2_8umxxbw,Andy Beshear’s path to reelection as Kentucky governor went through Trump country,0.99,149
2023-11-08 15:34:25,2023-11-08 11:07:38,t2_4c8lv,Why a shutdown would be a problem for government ethics,0.84,29
2023-11-08 15:34:25,2023-11-08 10:58:35,t2_j5lwm,Top takeaways from 2023 election results — and what they mean for 2024,0.86,38
2023-11-08 15:34:25,2023-11-08 10:55:16,t2_35fk2,Moms for Liberty Candidates Take a Beating in Some School Races - The far-right group’s school board candidates did not fare well in several important ballots across the U.S.,0.99,1762
2023-11-08 15:34:25,2023-11-08 10:54:03,t2_9u606,Federal judge upholds Florida ban on transgender athletes playing on female teams,0.76,33
2023-11-08 15:34:25,2023-11-08 10:53:39,t2_5bgle,Judge extends voting hours in Hinds County after ballot shortage,0.99,157
2023-11-08 15:34:25,2023-11-08 10:50:18,t2_ptiih,Mississippi elects an out gay state legislator for the first time in history,0.99,1134
2023-11-08 15:34:25,2023-11-08 10:45:51,t2_45x0oqsc,22 Democrats vote to censure Tlaib over Israel criticism,0.68,34
2023-11-08 15:34:25,2023-11-08 10:44:38,t2_179965,Five things to watch for in the third Republican debate,0.77,26
2023-11-08 15:34:25,2023-11-08 10:44:02,t2_179965,Abortion access remains undefeated in the polls post-Roe,1.0,419
2023-11-08 15:34:25,2023-11-08 10:39:42,t2_uslmu2ay,Fetterman Plasters His Senate Office Walls With Hamas Hostage Posters,0.63,19
2023-11-08 15:34:25,2023-11-08 10:32:33,t2_lllcc6w,Fox News Grapples With Yet Another Pro-Life Election Loss. Conservatives appear to be struggling to come to grips with just how unpopular their pro-life agenda has been with voters.,0.99,2523
2023-11-08 15:34:25,2023-11-08 10:31:55,t2_3kwla,Ivanka Trump testifying in New York fraud case against family business,0.98,124
2023-11-08 15:34:25,2023-11-08 10:30:18,t2_339lq,Republicans Can’t Figure It Out,0.93,101
2023-11-08 15:34:25,2023-11-08 10:29:02,t2_ojecgm4c,"Schools that don’t fight antisemitism, Islamophobia could lose funding, Education secretary warns",0.91,69
2023-11-08 15:34:25,2023-11-08 10:26:42,t2_mv353c9q,House Debates and Passes Resolution to Censure Rep. Rashida Tlaib (D-MI),0.59,10
2023-11-08 15:34:25,2023-11-08 10:23:36,t2_ac82n53j5,"MAGA panics over election disaster: ""We're getting crushed""",0.98,6054
2023-11-08 15:34:25,2023-11-08 10:23:12,t2_1538db,Democrats won big on abortion rights Tuesday. Here's what the results say for the US going into 2024,0.98,240
2023-11-08 15:34:25,2023-11-08 10:18:06,t2_ck81ac8k0,Liberals Win A Majority In Battleground Virginia School Board Race,0.98,1127
2023-11-08 15:34:25,2023-11-08 10:17:00,t2_lllcc6w,The Race to Replace Mitch McConnell as GOP Leader Is Already On,0.98,128
2023-11-08 15:34:25,2023-11-08 10:14:24,t2_8gr9ou0x9,Democratic lawmakers want to prohibit shackling pregnant migrant women,0.95,110
2023-11-08 15:34:25,2023-11-08 10:07:02,t2_4ot9563,Ivanka Trump takes witness stand in father’s fraud trial,0.98,822
2023-11-08 15:34:25,2023-11-08 10:06:19,t2_20tbbqiw,Ivanka Trump to take center stage in fraud trial after leaving political world behind,0.92,55
2023-11-08 15:34:25,2023-11-08 10:01:26,t2_2eef87e,Democrats flip county Donald Trump won by nearly 60 points,0.96,17270
2023-11-08 15:34:25,2023-11-08 09:58:19,t2_g37teti,The problem isn’t inflation. It’s prices.,0.96,586
2023-11-08 15:34:25,2023-11-08 09:48:30,t2_20tbbqiw,"6 election night takeaways: Democrats win big, but GOP holds Mississippi",0.95,126
2023-11-08 15:34:25,2023-11-08 09:48:04,t2_gu8denz8s,Blinken’s Mideast Shuttle Diplomacy Is Just Political Theater,0.48,0
2023-11-08 15:34:26,2023-11-08 09:42:35,t2_w06s1fcm,Inside Team Trump’s Very Gross Plans to Keep Humiliating DeSantis,0.93,80
